{
  "root" : {
    "__class" : "RootNode",
    "children" : [
      {
        "__class" : "FrameNode",
        "aspectRatio" : null,
        "blendingEnabled" : 0,
        "blendingMode" : "normal",
        "bottom" : null,
        "centerAnchorX" : 0,
        "centerAnchorY" : 0,
        "children" : [
          {
            "__class" : "FrameNode",
            "aspectRatio" : null,
            "blendingEnabled" : 0,
            "blendingMode" : "normal",
            "bottom" : 170,
            "centerAnchorX" : 0.5,
            "centerAnchorY" : 0.73399014778325122,
            "children" : [
              {
                "__class" : "FrameNode",
                "aspectRatio" : null,
                "blendingEnabled" : 0,
                "blendingMode" : "normal",
                "bottom" : null,
                "centerAnchorX" : 0.81854838709677424,
                "centerAnchorY" : 0.6333333333333333,
                "children" : [

                ],
                "clip" : false,
                "codeOverrideEnabled" : true,
                "codeOverrideFile" : ".\/App.tsx",
                "codeOverrideIdentifier" : ".\/App.tsx_Circle",
                "codeOverrideName" : "Circle",
                "constraintsLocked" : true,
                "deviceType" : null,
                "exportOptions" : [

                ],
                "fillColor" : "rgba(152, 88, 243, 1.00)",
                "fillEnabled" : true,
                "fillGradient" : {
                  "__class" : "LinearGradient",
                  "alpha" : 1,
                  "angle" : 0,
                  "end" : "rgba(0,0,0,0)",
                  "start" : "black"
                },
                "fillImage" : null,
                "fillImagePixelHeight" : null,
                "fillImagePixelWidth" : null,
                "fillImageResize" : "fill",
                "fillType" : "color",
                "height" : 25,
                "heightType" : 0,
                "id" : "y7KhXFMdM",
                "intrinsicHeight" : null,
                "intrinsicWidth" : null,
                "isExternalMaster" : null,
                "isMaster" : false,
                "isTarget" : false,
                "left" : 89,
                "locked" : false,
                "name" : null,
                "navigationTarget" : null,
                "navigationTransition" : "push",
                "navigationTransitionBackdropColor" : "rgba(4,4,15,.4)",
                "navigationTransitionDirection" : "left",
                "opacity" : 1,
                "originalid" : null,
                "parentid" : "dPZY4RVeq",
                "previewSettings" : null,
                "radius" : 500,
                "radiusBottomLeft" : 500,
                "radiusBottomRight" : 500,
                "radiusIsRelative" : false,
                "radiusPerCorner" : false,
                "radiusTopLeft" : 500,
                "radiusTopRight" : 500,
                "replicaInfo" : null,
                "right" : null,
                "rotation" : 0,
                "top" : 16,
                "visible" : true,
                "width" : 25,
                "widthType" : 0
              },
              {
                "__class" : "TextNode",
                "autoSize" : true,
                "bottom" : null,
                "centerAnchorX" : 0.5,
                "centerAnchorY" : 0.5,
                "codeOverrideEnabled" : false,
                "constraintsLocked" : false,
                "exportOptions" : [

                ],
                "height" : 21,
                "heightType" : 0,
                "id" : "oihbxUuTF",
                "isTarget" : false,
                "left" : null,
                "locked" : false,
                "name" : null,
                "opacity" : 1,
                "originalid" : null,
                "parentid" : "dPZY4RVeq",
                "right" : null,
                "rotation" : 0,
                "styledText" : {
                  "__class" : "StyledTextDraft",
                  "blocks" : [
                    {
                      "data" : {
                        "emptyStyle" : [
                          "LINEHEIGHT:1.2",
                          "COLOR:hsl(0, 0%, 100%)",
                          "FONT:NotoSansCJKkr-Medium",
                          "SIZE:18",
                          "LETTERSPACING:1.1"
                        ]
                      },
                      "depth" : 0,
                      "entityRanges" : [

                      ],
                      "inlineStyleRanges" : [
                        {
                          "length" : 7,
                          "offset" : 0,
                          "style" : "LINEHEIGHT:1.2"
                        },
                        {
                          "length" : 7,
                          "offset" : 0,
                          "style" : "COLOR:hsl(0, 0%, 100%)"
                        },
                        {
                          "length" : 7,
                          "offset" : 0,
                          "style" : "FONT:NotoSansCJKkr-Medium"
                        },
                        {
                          "length" : 7,
                          "offset" : 0,
                          "style" : "SIZE:18"
                        },
                        {
                          "length" : 7,
                          "offset" : 0,
                          "style" : "LETTERSPACING:1.1"
                        }
                      ],
                      "key" : "6871m",
                      "text" : "PRESSED",
                      "type" : "unstyled"
                    }
                  ],
                  "cached" : {
                    "html" : "<div data-offset-key=\"6871m-0-0\" class=\"public-DraftStyleDefault-block public-DraftStyleDefault-ltr\"><span data-offset-key=\"6871m-0-0\" style=\"tab-size:4;font-weight:500;font-family:&quot;NotoSansCJKkr-Medium&quot;, &quot;Noto Sans CJK KR&quot;, sans-serif;-webkit-text-fill-color:hsl(0, 0%, 100%);font-size:18px;letter-spacing:1.1px;line-height:1.2\"><span data-text=\"true\">PRESSED<\/span><\/span><\/div>",
                    "os" : "10_14",
                    "size" : {
                      "height" : 21,
                      "width" : 88
                    },
                    "width" : 0
                  },
                  "entityMap" : {

                  }
                },
                "top" : null,
                "visible" : true,
                "width" : 88,
                "widthType" : 0
              }
            ],
            "clip" : true,
            "codeOverrideEnabled" : true,
            "codeOverrideFile" : ".\/App.tsx",
            "codeOverrideIdentifier" : ".\/App.tsx_Button",
            "codeOverrideName" : "Button",
            "constraintsLocked" : false,
            "deviceType" : null,
            "exportOptions" : [

            ],
            "fillColor" : "rgba(104, 10, 238, 1.00)",
            "fillEnabled" : true,
            "fillGradient" : {
              "__class" : "LinearGradient",
              "alpha" : 1,
              "angle" : 0,
              "end" : "rgba(0,0,0,0)",
              "start" : "black"
            },
            "fillImage" : null,
            "fillImagePixelHeight" : null,
            "fillImagePixelWidth" : null,
            "fillImageResize" : "fill",
            "fillType" : "color",
            "height" : 92,
            "heightType" : 0,
            "id" : "dPZY4RVeq",
            "intrinsicHeight" : null,
            "intrinsicWidth" : null,
            "isExternalMaster" : null,
            "isMaster" : false,
            "isTarget" : false,
            "left" : 61,
            "locked" : false,
            "name" : "Button",
            "navigationTarget" : null,
            "navigationTransition" : "push",
            "navigationTransitionBackdropColor" : "rgba(4,4,15,.4)",
            "navigationTransitionDirection" : "left",
            "opacity" : 1,
            "originalid" : null,
            "parentid" : "d6_AGuoTF",
            "previewSettings" : null,
            "radius" : 4,
            "radiusBottomLeft" : 4,
            "radiusBottomRight" : 4,
            "radiusIsRelative" : false,
            "radiusPerCorner" : false,
            "radiusTopLeft" : 4,
            "radiusTopRight" : 4,
            "replicaInfo" : null,
            "right" : 61,
            "rotation" : 0,
            "top" : null,
            "visible" : true,
            "width" : 253,
            "widthType" : 0
          }
        ],
        "clip" : true,
        "codeOverrideEnabled" : false,
        "constraintsLocked" : false,
        "deviceType" : null,
        "exportOptions" : [

        ],
        "fillColor" : "rgba(255,255,255,1)",
        "fillEnabled" : true,
        "fillGradient" : {
          "__class" : "LinearGradient",
          "alpha" : 1,
          "angle" : 0,
          "end" : "rgba(0,0,0,0)",
          "start" : "black"
        },
        "fillImage" : null,
        "fillImagePixelHeight" : null,
        "fillImagePixelWidth" : null,
        "fillImageResize" : "fill",
        "fillType" : "color",
        "height" : 812,
        "heightType" : 0,
        "id" : "d6_AGuoTF",
        "intrinsicHeight" : null,
        "intrinsicWidth" : null,
        "isExternalMaster" : null,
        "isMaster" : false,
        "isTarget" : false,
        "left" : 0,
        "locked" : false,
        "name" : null,
        "navigationTarget" : null,
        "navigationTransition" : "push",
        "navigationTransitionBackdropColor" : "rgba(4,4,15,.4)",
        "navigationTransitionDirection" : "left",
        "opacity" : 1,
        "originalid" : null,
        "parentid" : "VGV4CEyvF",
        "previewSettings" : null,
        "radius" : 0,
        "radiusBottomLeft" : 0,
        "radiusBottomRight" : 0,
        "radiusIsRelative" : false,
        "radiusPerCorner" : false,
        "radiusTopLeft" : 0,
        "radiusTopRight" : 0,
        "replicaInfo" : null,
        "right" : null,
        "rotation" : 0,
        "top" : 0,
        "visible" : true,
        "width" : 375,
        "widthType" : 0
      }
    ],
    "id" : "VGV4CEyvF",
    "name" : null,
    "originalid" : null,
    "parentid" : null,
    "visible" : false
  },
  "version" : 48
}